[{"model": "admin.logentry", "pk": 1, "fields": {"action_time": "2023-08-07T13:18:04.386Z", "user": 1, "content_type": 7, "object_id": "1", "object_repr": "James Smith - +380935647865", "action_flag": 1, "change_message": "[{\"added\": {}}]"}}, {"model": "admin.logentry", "pk": 2, "fields": {"action_time": "2023-08-07T13:19:18.117Z", "user": 1, "content_type": 7, "object_id": "2", "object_repr": "Michael Smith - +380676747364", "action_flag": 1, "change_message": "[{\"added\": {}}]"}}, {"model": "admin.logentry", "pk": 3, "fields": {"action_time": "2023-08-07T13:19:48.011Z", "user": 1, "content_type": 7, "object_id": "3", "object_repr": "Robert Smith - +380934535264", "action_flag": 1, "change_message": "[{\"added\": {}}]"}}, {"model": "admin.logentry", "pk": 4, "fields": {"action_time": "2023-08-07T13:20:14.731Z", "user": 1, "content_type": 7, "object_id": "4", "object_repr": "Maria Garcia - +380676747367", "action_flag": 1, "change_message": "[{\"added\": {}}]"}}, {"model": "admin.logentry", "pk": 5, "fields": {"action_time": "2023-08-07T13:20:39.343Z", "user": 1, "content_type": 7, "object_id": "5", "object_repr": "Maria Hernandez - +380935647657", "action_flag": 1, "change_message": "[{\"added\": {}}]"}}, {"model": "admin.logentry", "pk": 6, "fields": {"action_time": "2023-08-07T13:21:00.379Z", "user": 1, "content_type": 7, "object_id": "6", "object_repr": "Pako Nunies - +380630988970", "action_flag": 1, "change_message": "[{\"added\": {}}]"}}, {"model": "admin.logentry", "pk": 7, "fields": {"action_time": "2023-08-07T13:21:22.034Z", "user": 1, "content_type": 7, "object_id": "7", "object_repr": "Stiven Lampard - +380964437281", "action_flag": 1, "change_message": "[{\"added\": {}}]"}}, {"model": "admin.logentry", "pk": 8, "fields": {"action_time": "2023-08-07T13:21:44.892Z", "user": 1, "content_type": 7, "object_id": "8", "object_repr": "Lilly Moraes - +380973479843", "action_flag": 1, "change_message": "[{\"added\": {}}]"}}, {"model": "admin.logentry", "pk": 9, "fields": {"action_time": "2023-08-07T13:22:40.566Z", "user": 1, "content_type": 8, "object_id": "1", "object_repr": "manicurist", "action_flag": 1, "change_message": "[{\"added\": {}}]"}}, {"model": "admin.logentry", "pk": 10, "fields": {"action_time": "2023-08-07T13:23:08.854Z", "user": 1, "content_type": 8, "object_id": "2", "object_repr": "hairdresser", "action_flag": 1, "change_message": "[{\"added\": {}}]"}}, {"model": "admin.logentry", "pk": 11, "fields": {"action_time": "2023-08-07T13:23:37.857Z", "user": 1, "content_type": 8, "object_id": "3", "object_repr": "master of pedicure", "action_flag": 1, "change_message": "[{\"added\": {}}]"}}, {"model": "admin.logentry", "pk": 12, "fields": {"action_time": "2023-08-07T13:24:15.310Z", "user": 1, "content_type": 8, "object_id": "4", "object_repr": "brow-maker", "action_flag": 1, "change_message": "[{\"added\": {}}]"}}, {"model": "admin.logentry", "pk": 13, "fields": {"action_time": "2023-08-07T13:28:40.368Z", "user": 1, "content_type": 8, "object_id": "5", "object_repr": "cosmetologists", "action_flag": 1, "change_message": "[{\"added\": {}}]"}}, {"model": "admin.logentry", "pk": 14, "fields": {"action_time": "2023-08-07T13:28:43.889Z", "user": 1, "content_type": 8, "object_id": "6", "object_repr": "barber", "action_flag": 1, "change_message": "[{\"added\": {}}]"}}, {"model": "admin.logentry", "pk": 15, "fields": {"action_time": "2023-08-07T13:49:22.141Z", "user": 1, "content_type": 9, "object_id": "1", "object_repr": "face cleaning", "action_flag": 1, "change_message": "[{\"added\": {}}]"}}, {"model": "admin.logentry", "pk": 16, "fields": {"action_time": "2023-08-07T13:49:31.997Z", "user": 1, "content_type": 9, "object_id": "2", "object_repr": "face massage", "action_flag": 1, "change_message": "[{\"added\": {}}]"}}, {"model": "admin.logentry", "pk": 17, "fields": {"action_time": "2023-08-07T13:49:40.704Z", "user": 1, "content_type": 9, "object_id": "3", "object_repr": "makeup", "action_flag": 1, "change_message": "[{\"added\": {}}]"}}, {"model": "admin.logentry", "pk": 18, "fields": {"action_time": "2023-08-07T13:49:56.809Z", "user": 1, "content_type": 9, "object_id": "4", "object_repr": "eyebrow lamination", "action_flag": 1, "change_message": "[{\"added\": {}}]"}}, {"model": "admin.logentry", "pk": 19, "fields": {"action_time": "2023-08-07T13:50:13.888Z", "user": 1, "content_type": 9, "object_id": "5", "object_repr": "eyelash lamination", "action_flag": 1, "change_message": "[{\"added\": {}}]"}}, {"model": "admin.logentry", "pk": 20, "fields": {"action_time": "2023-08-07T13:50:38.653Z", "user": 1, "content_type": 9, "object_id": "6", "object_repr": "eyebrow tinting", "action_flag": 1, "change_message": "[{\"added\": {}}]"}}, {"model": "admin.logentry", "pk": 21, "fields": {"action_time": "2023-08-07T13:50:57.538Z", "user": 1, "content_type": 9, "object_id": "7", "object_repr": "eyelash tinting", "action_flag": 1, "change_message": "[{\"added\": {}}]"}}, {"model": "admin.logentry", "pk": 22, "fields": {"action_time": "2023-08-07T13:51:06.839Z", "user": 1, "content_type": 9, "object_id": "8", "object_repr": "manicure", "action_flag": 1, "change_message": "[{\"added\": {}}]"}}, {"model": "admin.logentry", "pk": 23, "fields": {"action_time": "2023-08-07T13:51:18.853Z", "user": 1, "content_type": 9, "object_id": "9", "object_repr": "hair dyeing", "action_flag": 1, "change_message": "[{\"added\": {}}]"}}, {"model": "admin.logentry", "pk": 24, "fields": {"action_time": "2023-08-07T13:51:25.895Z", "user": 1, "content_type": 9, "object_id": "10", "object_repr": "pedicure", "action_flag": 1, "change_message": "[{\"added\": {}}]"}}, {"model": "admin.logentry", "pk": 25, "fields": {"action_time": "2023-08-07T13:51:36.854Z", "user": 1, "content_type": 9, "object_id": "11", "object_repr": "haircut", "action_flag": 1, "change_message": "[{\"added\": {}}]"}}, {"model": "admin.logentry", "pk": 26, "fields": {"action_time": "2023-08-07T13:53:09.395Z", "user": 1, "content_type": 6, "object_id": "2", "object_repr": "Larisa Sergeeva", "action_flag": 1, "change_message": "[{\"added\": {}}]"}}, {"model": "admin.logentry", "pk": 27, "fields": {"action_time": "2023-08-07T13:53:59.415Z", "user": 1, "content_type": 6, "object_id": "3", "object_repr": "Luciano Arigano", "action_flag": 1, "change_message": "[{\"added\": {}}]"}}, {"model": "admin.logentry", "pk": 28, "fields": {"action_time": "2023-08-07T13:54:36.404Z", "user": 1, "content_type": 6, "object_id": "4", "object_repr": "Maximilian Luche", "action_flag": 1, "change_message": "[{\"added\": {}}]"}}, {"model": "admin.logentry", "pk": 29, "fields": {"action_time": "2023-08-07T13:55:11.938Z", "user": 1, "content_type": 6, "object_id": "5", "object_repr": "Valentina Jadash", "action_flag": 1, "change_message": "[{\"added\": {}}]"}}, {"model": "admin.logentry", "pk": 30, "fields": {"action_time": "2023-08-07T13:56:33.799Z", "user": 1, "content_type": 6, "object_id": "6", "object_repr": "Bernarda Gako", "action_flag": 1, "change_message": "[{\"added\": {}}]"}}, {"model": "admin.logentry", "pk": 31, "fields": {"action_time": "2023-08-07T13:57:20.484Z", "user": 1, "content_type": 6, "object_id": "7", "object_repr": "Isabella Dnische", "action_flag": 1, "change_message": "[{\"added\": {}}]"}}, {"model": "admin.logentry", "pk": 32, "fields": {"action_time": "2023-08-07T13:57:53.999Z", "user": 1, "content_type": 6, "object_id": "8", "object_repr": "Margarita Borsukova", "action_flag": 1, "change_message": "[{\"added\": {}}]"}}, {"model": "admin.logentry", "pk": 33, "fields": {"action_time": "2023-08-07T13:58:30.071Z", "user": 1, "content_type": 6, "object_id": "9", "object_repr": "Likerantii Mamedadze", "action_flag": 1, "change_message": "[{\"added\": {}}]"}}, {"model": "admin.logentry", "pk": 34, "fields": {"action_time": "2023-08-07T13:59:06.758Z", "user": 1, "content_type": 6, "object_id": "9", "object_repr": "Likerantii Mamedadze", "action_flag": 2, "change_message": "[{\"changed\": {\"fields\": [\"Position\"]}}]"}}, {"model": "admin.logentry", "pk": 35, "fields": {"action_time": "2023-08-07T14:00:17.451Z", "user": 1, "content_type": 6, "object_id": "10", "object_repr": "Glicerina Shuma", "action_flag": 1, "change_message": "[{\"added\": {}}]"}}, {"model": "admin.logentry", "pk": 36, "fields": {"action_time": "2023-08-07T14:05:36.364Z", "user": 1, "content_type": 6, "object_id": "1", "object_repr": "my_first_name my_last_name", "action_flag": 2, "change_message": "[{\"changed\": {\"fields\": [\"First name\", \"Last name\", \"Position\"]}}]"}}, {"model": "admin.logentry", "pk": 37, "fields": {"action_time": "2023-08-07T14:10:10.473Z", "user": 1, "content_type": 10, "object_id": "1", "object_repr": "eyebrow lamination: 2023-08-10 14:00:00+00:00", "action_flag": 1, "change_message": "[{\"added\": {}}]"}}, {"model": "admin.logentry", "pk": 38, "fields": {"action_time": "2023-08-07T14:10:48.850Z", "user": 1, "content_type": 10, "object_id": "2", "object_repr": "eyebrow tinting: 2023-08-10 12:00:00+00:00", "action_flag": 1, "change_message": "[{\"added\": {}}]"}}, {"model": "admin.logentry", "pk": 39, "fields": {"action_time": "2023-08-07T14:11:15.738Z", "user": 1, "content_type": 10, "object_id": "3", "object_repr": "haircut: 2023-08-11 10:00:00+00:00", "action_flag": 1, "change_message": "[{\"added\": {}}]"}}, {"model": "admin.logentry", "pk": 40, "fields": {"action_time": "2023-08-07T14:11:34.682Z", "user": 1, "content_type": 10, "object_id": "4", "object_repr": "hair dyeing: 2023-08-12 14:00:00+00:00", "action_flag": 1, "change_message": "[{\"added\": {}}]"}}, {"model": "admin.logentry", "pk": 41, "fields": {"action_time": "2023-08-07T14:11:55.592Z", "user": 1, "content_type": 10, "object_id": "5", "object_repr": "face cleaning: 2023-08-12 12:00:00+00:00", "action_flag": 1, "change_message": "[{\"added\": {}}]"}}, {"model": "admin.logentry", "pk": 42, "fields": {"action_time": "2023-08-07T14:12:38.029Z", "user": 1, "content_type": 10, "object_id": "6", "object_repr": "pedicure: 2023-08-14 09:00:00+00:00", "action_flag": 1, "change_message": "[{\"added\": {}}]"}}, {"model": "admin.logentry", "pk": 43, "fields": {"action_time": "2023-08-07T14:12:57.286Z", "user": 1, "content_type": 10, "object_id": "7", "object_repr": "face massage: 2023-08-10 09:00:00+00:00", "action_flag": 1, "change_message": "[{\"added\": {}}]"}}, {"model": "admin.logentry", "pk": 44, "fields": {"action_time": "2023-08-08T14:27:42.957Z", "user": 1, "content_type": 10, "object_id": "6", "object_repr": "pedicure: 2023-08-14 09:00:00+00:00", "action_flag": 2, "change_message": "[{\"changed\": {\"fields\": [\"Workers\"]}}]"}}, {"model": "admin.logentry", "pk": 45, "fields": {"action_time": "2023-08-08T15:17:23.688Z", "user": 1, "content_type": 10, "object_id": "8", "object_repr": "eyelash tinting: 2023-08-12 14:00:00+00:00", "action_flag": 1, "change_message": "[{\"added\": {}}]"}}, {"model": "admin.logentry", "pk": 46, "fields": {"action_time": "2023-08-08T15:17:34.901Z", "user": 1, "content_type": 10, "object_id": "8", "object_repr": "eyelash tinting: 2023-08-12 14:00:00+00:00", "action_flag": 2, "change_message": "[{\"changed\": {\"fields\": [\"Is completed\"]}}]"}}, {"model": "auth.permission", "pk": 1, "fields": {"name": "Can add log entry", "content_type": 1, "codename": "add_logentry"}}, {"model": "auth.permission", "pk": 2, "fields": {"name": "Can change log entry", "content_type": 1, "codename": "change_logentry"}}, {"model": "auth.permission", "pk": 3, "fields": {"name": "Can delete log entry", "content_type": 1, "codename": "delete_logentry"}}, {"model": "auth.permission", "pk": 4, "fields": {"name": "Can view log entry", "content_type": 1, "codename": "view_logentry"}}, {"model": "auth.permission", "pk": 5, "fields": {"name": "Can add permission", "content_type": 2, "codename": "add_permission"}}, {"model": "auth.permission", "pk": 6, "fields": {"name": "Can change permission", "content_type": 2, "codename": "change_permission"}}, {"model": "auth.permission", "pk": 7, "fields": {"name": "Can delete permission", "content_type": 2, "codename": "delete_permission"}}, {"model": "auth.permission", "pk": 8, "fields": {"name": "Can view permission", "content_type": 2, "codename": "view_permission"}}, {"model": "auth.permission", "pk": 9, "fields": {"name": "Can add group", "content_type": 3, "codename": "add_group"}}, {"model": "auth.permission", "pk": 10, "fields": {"name": "Can change group", "content_type": 3, "codename": "change_group"}}, {"model": "auth.permission", "pk": 11, "fields": {"name": "Can delete group", "content_type": 3, "codename": "delete_group"}}, {"model": "auth.permission", "pk": 12, "fields": {"name": "Can view group", "content_type": 3, "codename": "view_group"}}, {"model": "auth.permission", "pk": 13, "fields": {"name": "Can add content type", "content_type": 4, "codename": "add_contenttype"}}, {"model": "auth.permission", "pk": 14, "fields": {"name": "Can change content type", "content_type": 4, "codename": "change_contenttype"}}, {"model": "auth.permission", "pk": 15, "fields": {"name": "Can delete content type", "content_type": 4, "codename": "delete_contenttype"}}, {"model": "auth.permission", "pk": 16, "fields": {"name": "Can view content type", "content_type": 4, "codename": "view_contenttype"}}, {"model": "auth.permission", "pk": 17, "fields": {"name": "Can add session", "content_type": 5, "codename": "add_session"}}, {"model": "auth.permission", "pk": 18, "fields": {"name": "Can change session", "content_type": 5, "codename": "change_session"}}, {"model": "auth.permission", "pk": 19, "fields": {"name": "Can delete session", "content_type": 5, "codename": "delete_session"}}, {"model": "auth.permission", "pk": 20, "fields": {"name": "Can view session", "content_type": 5, "codename": "view_session"}}, {"model": "auth.permission", "pk": 21, "fields": {"name": "Can add user", "content_type": 6, "codename": "add_worker"}}, {"model": "auth.permission", "pk": 22, "fields": {"name": "Can change user", "content_type": 6, "codename": "change_worker"}}, {"model": "auth.permission", "pk": 23, "fields": {"name": "Can delete user", "content_type": 6, "codename": "delete_worker"}}, {"model": "auth.permission", "pk": 24, "fields": {"name": "Can view user", "content_type": 6, "codename": "view_worker"}}, {"model": "auth.permission", "pk": 25, "fields": {"name": "Can add client", "content_type": 7, "codename": "add_client"}}, {"model": "auth.permission", "pk": 26, "fields": {"name": "Can change client", "content_type": 7, "codename": "change_client"}}, {"model": "auth.permission", "pk": 27, "fields": {"name": "Can delete client", "content_type": 7, "codename": "delete_client"}}, {"model": "auth.permission", "pk": 28, "fields": {"name": "Can view client", "content_type": 7, "codename": "view_client"}}, {"model": "auth.permission", "pk": 29, "fields": {"name": "Can add position", "content_type": 8, "codename": "add_position"}}, {"model": "auth.permission", "pk": 30, "fields": {"name": "Can change position", "content_type": 8, "codename": "change_position"}}, {"model": "auth.permission", "pk": 31, "fields": {"name": "Can delete position", "content_type": 8, "codename": "delete_position"}}, {"model": "auth.permission", "pk": 32, "fields": {"name": "Can view position", "content_type": 8, "codename": "view_position"}}, {"model": "auth.permission", "pk": 33, "fields": {"name": "Can add procedure type", "content_type": 9, "codename": "add_proceduretype"}}, {"model": "auth.permission", "pk": 34, "fields": {"name": "Can change procedure type", "content_type": 9, "codename": "change_proceduretype"}}, {"model": "auth.permission", "pk": 35, "fields": {"name": "Can delete procedure type", "content_type": 9, "codename": "delete_proceduretype"}}, {"model": "auth.permission", "pk": 36, "fields": {"name": "Can view procedure type", "content_type": 9, "codename": "view_proceduretype"}}, {"model": "auth.permission", "pk": 37, "fields": {"name": "Can add procedure", "content_type": 10, "codename": "add_procedure"}}, {"model": "auth.permission", "pk": 38, "fields": {"name": "Can change procedure", "content_type": 10, "codename": "change_procedure"}}, {"model": "auth.permission", "pk": 39, "fields": {"name": "Can delete procedure", "content_type": 10, "codename": "delete_procedure"}}, {"model": "auth.permission", "pk": 40, "fields": {"name": "Can view procedure", "content_type": 10, "codename": "view_procedure"}}, {"model": "contenttypes.contenttype", "pk": 1, "fields": {"app_label": "admin", "model": "logentry"}}, {"model": "contenttypes.contenttype", "pk": 2, "fields": {"app_label": "auth", "model": "permission"}}, {"model": "contenttypes.contenttype", "pk": 3, "fields": {"app_label": "auth", "model": "group"}}, {"model": "contenttypes.contenttype", "pk": 4, "fields": {"app_label": "contenttypes", "model": "contenttype"}}, {"model": "contenttypes.contenttype", "pk": 5, "fields": {"app_label": "sessions", "model": "session"}}, {"model": "contenttypes.contenttype", "pk": 6, "fields": {"app_label": "salon", "model": "worker"}}, {"model": "contenttypes.contenttype", "pk": 7, "fields": {"app_label": "salon", "model": "client"}}, {"model": "contenttypes.contenttype", "pk": 8, "fields": {"app_label": "salon", "model": "position"}}, {"model": "contenttypes.contenttype", "pk": 9, "fields": {"app_label": "salon", "model": "proceduretype"}}, {"model": "contenttypes.contenttype", "pk": 10, "fields": {"app_label": "salon", "model": "procedure"}}, {"model": "sessions.session", "pk": "0b3dxuer48v92ca20pqhlpf8p0fs9e70", "fields": {"session_data": "eyJudW1fdmlzaXRzIjoxfQ:1qTgGT:SK10A_MFQtU-KGcuaO8BtxWuMA55eywFUrGzPzmLxeA", "expire_date": "2023-08-23T10:18:05.962Z"}}, {"model": "sessions.session", "pk": "17ca32zc3fp5ilb7aud1rk84u1daadt0", "fields": {"session_data": ".eJxVjDsOwjAQBe_iGlnxyr9Q0nOGaL27xgFkS3FSIe4OkVJA-2bmvdSE21qmrcsyzazOyqjT75aQHlJ3wHest6ap1XWZk94VfdCur43leTncv4OCvXzrgC6PiQgG8ZEdgAWDwQ1kwTqXHBFnAB8zWz9wSCAsGKwEE-MYyKr3B-JNN9g:1qSzf8:QIXnaPf_a5Z27dIZV1xW0OLuun3FGvbu8FzlabFfJWQ", "expire_date": "2023-08-21T12:48:42.836Z"}}, {"model": "sessions.session", "pk": "3hjnjviqs6jpkalhy5ssnhoxfwd0t6a2", "fields": {"session_data": ".eJxVjDsOwjAQBe_iGlnxyr9Q0nOGaL27xgFkS3FSIe4OkVJA-2bmvdSE21qmrcsyzazOyqjT75aQHlJ3wHest6ap1XWZk94VfdCur43leTncv4OCvXzrgC6PiQgG8ZEdgAWDwQ1kwTqXHBFnAB8zWz9wSCAsGKwEE-MYyKr3B-JNN9g:1qTka2:gU8JCJ92J5Ty-7zTHh_j1AfJRbabmM5wUjOZi-UQ5ZU", "expire_date": "2023-08-23T14:54:34.304Z"}}, {"model": "sessions.session", "pk": "5m42k0vjftkyf3e4chi38onmcld0awup", "fields": {"session_data": "eyJudW1fdmlzaXRzIjo4fQ:1qTgbW:0mrjkkqeUgSi6iYQaPMPiyKPbaRJ7uBh3_9fyJKLyvc", "expire_date": "2023-08-23T10:39:50.880Z"}}, {"model": "sessions.session", "pk": "acyt2kamocsddmgwkwi6x9ge140e6xrn", "fields": {"session_data": "eyJudW1fdmlzaXRzIjo0fQ:1qTgOo:6sYmDQrKy4jifZEm56yYpaMNJr8bBGyVZx4LK_r9z8c", "expire_date": "2023-08-23T10:26:42.579Z"}}, {"model": "sessions.session", "pk": "evrf3yvusa5o2vny9ij1wzasugl8r9e7", "fields": {"session_data": ".eJxVjEsOgzAMBe_idRWBlZDAsvueIXJsU9JPkAh0U_XuLVI3bN_MvDeU7Rlfuea1woDhBJG2dYpb1SVmgQFaOGyJ-K5lB3Kjcp0Nz2VdcjK7Yv60msss-jj_3cPBRHX61Z7c2CdmbLQL4hAttuRdwxatc8kxy4jYhVFs14hPqKLkrfo2hN6zhc8XsXE9PQ:1qTjVF:QJRvYThHELbTq6WLcrz1ktH9KEJCpOo7LPYzv0HJz1c", "expire_date": "2023-08-23T13:45:33.997Z"}}, {"model": "sessions.session", "pk": "gibzvbpa3cynqjuexlvk1scl3n2vmirm", "fields": {"session_data": ".eJxVjDsOwjAQBe_iGlnxyr9Q0nOGaL27xgFkS3FSIe4OkVJA-2bmvdSE21qmrcsyzazOyqjT75aQHlJ3wHest6ap1XWZk94VfdCur43leTncv4OCvXzrgC6PiQgG8ZEdgAWDwQ1kwTqXHBFnAB8zWz9wSCAsGKwEE-MYyKr3B-JNN9g:1qTkRD:QXyrYRijw1EA4zCfkJmomM2Zv7VjxL0PUeY_mcg5myY", "expire_date": "2023-08-23T14:45:27.316Z"}}, {"model": "sessions.session", "pk": "ktybysuvnlm98r00km8sqzjezgcconw9", "fields": {"session_data": ".eJxVjDsOgzAQBe_iOrJgZWNDmT5nsNa7S3A-RsI4TZS7BySKpH0zb94qYF2nUIssIbEaVKtOv1tEukveAd8wX2dNc16XFPWu6IMWfZlZHufD_QtMWKbt7dCOfSSCRjrPFsBAi842ZMBYGy0RjwCdH9l0DbsIwoLOiGu97x2ZLZrrM7xSSWtRA3y-UBc9BQ:1qTyyU:J-zRERGKf7V0ZNU8WQp4dOf2wep-ENq0Yk5t-0Dxtk0", "expire_date": "2023-08-24T06:16:46.437Z"}}, {"model": "sessions.session", "pk": "n3r9anrejpvx1mjnwi41okpw05g17s4q", "fields": {"session_data": ".eJxVjDsOgzAQBe_iOrLwysaGMn3OYK13l-B8jIQhTZS7BySKpH0zb94q4rqMca0yx8yqV0adfreEdJeyA75huU6aprLMOeld0Qet-jKxPM6H-xcYsY7b26MbukQEjbSBHYAFg941ZME6lxwRDwBtGNi2DfsEwoLeijchdJ7sFi3rM75yzUtVvQmfL40MPTw:1qV9oF:he64vSFJm8SsIzHSKEl-jmE58KOJX6p_nL0ycNI36j8", "expire_date": "2023-08-27T12:03:03.723Z"}}, {"model": "sessions.session", "pk": "ua6co2dxjkulexor7vmcy2vfleap2bcj", "fields": {"session_data": ".eJxVjDsOgzAQBe_iOrJgtcaGMn3OYK13TXA-RsI4TZS7BySKpH0zb97KU10nX0tcfBI1qFadfrdAfI95B3KjfJ01z3ldUtC7og9a9GWW-Dgf7l9gojJtb0tm7AMzNLFzYgAQWrKmYQQ0JhhmGQE6Nwp2jdgAUSJZjLZ1rreMWzTXp3-lktaiBvx8AVAbPQc:1qTg7p:74XdYvbYRuA2h_WFRw0VLbDneZLzVq514kIFc2kyVwo", "expire_date": "2023-08-23T10:09:09.858Z"}}, {"model": "sessions.session", "pk": "z2th6cemikow5rhrb0i6w6rk7mpqzvt4", "fields": {"session_data": ".eJxVjDsOgzAQBe_iOrJgZWNDmT5nsNa7S3A-RsI4TZS7BySKpH0zb94qYF2nUIssIbEaVKtOv1tEukveAd8wX2dNc16XFPWu6IMWfZlZHufD_QtMWKbt7dCOfSSCRjrPFsBAi842ZMBYGy0RjwCdH9l0DbsIwoLOiGu97x2ZLZrrM7xSSWtRA8DnC40DPTc:1qTkDw:OtTOmMsprZ9XFbXAqZyHYqXL2F9AxPYy9YXMrWX6nhA", "expire_date": "2023-08-23T14:31:44.925Z"}}, {"model": "salon.proceduretype", "pk": 1, "fields": {"name": "face cleaning"}}, {"model": "salon.proceduretype", "pk": 2, "fields": {"name": "face massage"}}, {"model": "salon.proceduretype", "pk": 3, "fields": {"name": "makeup"}}, {"model": "salon.proceduretype", "pk": 4, "fields": {"name": "eyebrow lamination"}}, {"model": "salon.proceduretype", "pk": 5, "fields": {"name": "eyelash lamination"}}, {"model": "salon.proceduretype", "pk": 6, "fields": {"name": "eyebrow tinting"}}, {"model": "salon.proceduretype", "pk": 7, "fields": {"name": "eyelash tinting"}}, {"model": "salon.proceduretype", "pk": 8, "fields": {"name": "manicure"}}, {"model": "salon.proceduretype", "pk": 9, "fields": {"name": "hair dyeing"}}, {"model": "salon.proceduretype", "pk": 10, "fields": {"name": "pedicure"}}, {"model": "salon.proceduretype", "pk": 11, "fields": {"name": "haircut"}}, {"model": "salon.client", "pk": 1, "fields": {"first_name": "James", "last_name": "Smith", "telephone_number": "+380935647865"}}, {"model": "salon.client", "pk": 2, "fields": {"first_name": "Michael", "last_name": "Smith", "telephone_number": "+380676747364"}}, {"model": "salon.client", "pk": 4, "fields": {"first_name": "Maria", "last_name": "Garcia", "telephone_number": "+380676747367"}}, {"model": "salon.client", "pk": 5, "fields": {"first_name": "Maria", "last_name": "Hernandez", "telephone_number": "+380935647657"}}, {"model": "salon.client", "pk": 6, "fields": {"first_name": "Pako", "last_name": "Nunies", "telephone_number": "+380630988970"}}, {"model": "salon.client", "pk": 7, "fields": {"first_name": "Stiven", "last_name": "Lampard", "telephone_number": "+380964437281"}}, {"model": "salon.client", "pk": 8, "fields": {"first_name": "Lilly", "last_name": "Moraes", "telephone_number": "+380973479843"}}, {"model": "salon.client", "pk": 9, "fields": {"first_name": "Agata", "last_name": "Murray", "telephone_number": "+380676747395"}}, {"model": "salon.client", "pk": 10, "fields": {"first_name": "Paul", "last_name": "Ernandes", "telephone_number": "+380676747345"}}, {"model": "salon.client", "pk": 11, "fields": {"first_name": "Nazar", "last_name": "Novinski", "telephone_number": "+30675874857"}}, {"model": "salon.position", "pk": 1, "fields": {"name": "manicurist"}}, {"model": "salon.position", "pk": 2, "fields": {"name": "hairdresser"}}, {"model": "salon.position", "pk": 3, "fields": {"name": "master of pedicure"}}, {"model": "salon.position", "pk": 4, "fields": {"name": "brow-maker"}}, {"model": "salon.position", "pk": 5, "fields": {"name": "cosmetologists"}}, {"model": "salon.position", "pk": 6, "fields": {"name": "barber"}}, {"model": "salon.worker", "pk": 1, "fields": {"password": "pbkdf2_sha256$600000$0fCqhgUVirLeg6HulaaNC7$J9u6dFpzJes4LNSn/Ym6iPca23oKxeuuzi/4rYBpV74=", "last_login": "2023-08-10T12:57:01.111Z", "is_superuser": true, "username": "admin", "first_name": "my_first_name", "last_name": "my_last_name", "email": "admin@gmail.com", "is_staff": true, "is_active": true, "date_joined": "2023-08-07T12:43:54Z", "position": 1, "groups": [], "user_permissions": []}}, {"model": "salon.worker", "pk": 2, "fields": {"password": "pbkdf2_sha256$600000$BjFceGqXUsO3UTy8eeiJ5c$xcBkvkS0BAYW/vbOS1MpI+wtKqEbcAXOBF4brR9Hpgg=", "last_login": null, "is_superuser": false, "username": "larisasergeeva", "first_name": "Larisa", "last_name": "Sergeeva", "email": "", "is_staff": false, "is_active": true, "date_joined": "2023-08-07T13:53:09.108Z", "position": 1, "groups": [], "user_permissions": []}}, {"model": "salon.worker", "pk": 3, "fields": {"password": "pbkdf2_sha256$600000$ly7NAvaVcvgRkp8yTAKD3H$lOBHw86zvIZ7fS1N/dGdn9nkD7jU4yWLsabEg4peB7U=", "last_login": null, "is_superuser": false, "username": "luciano", "first_name": "Luciano", "last_name": "Arigano", "email": "", "is_staff": false, "is_active": true, "date_joined": "2023-08-07T13:53:59.066Z", "position": 2, "groups": [], "user_permissions": []}}, {"model": "salon.worker", "pk": 4, "fields": {"password": "pbkdf2_sha256$600000$0ypZDdesqm6ycTuGig2MiF$YQCq5D9G/XCLlC33IKLqWHA2d/CPj0UFztgs+inO0bQ=", "last_login": null, "is_superuser": false, "username": "maximilian", "first_name": "Maximilian", "last_name": "Luche", "email": "", "is_staff": false, "is_active": true, "date_joined": "2023-08-07T13:54:36.152Z", "position": 6, "groups": [], "user_permissions": []}}, {"model": "salon.worker", "pk": 5, "fields": {"password": "pbkdf2_sha256$600000$cZtnZKP6AdrH77j3PSFUly$iJukftFl1w/rlhK5hPZloZDpqZIcGirV8Awc+CgUt0Q=", "last_login": null, "is_superuser": false, "username": "valentina", "first_name": "Valentina", "last_name": "Jadash", "email": "", "is_staff": false, "is_active": true, "date_joined": "2023-08-07T13:55:11.665Z", "position": 4, "groups": [], "user_permissions": []}}, {"model": "salon.worker", "pk": 6, "fields": {"password": "pbkdf2_sha256$600000$CTprUnWuSsjyaLovaCTBbX$3FEjCvGaOTc2HNrrSZLxGMTDnZ84NBPj7HDqvXRbCOI=", "last_login": null, "is_superuser": false, "username": "bernarda", "first_name": "Bernarda", "last_name": "Gako", "email": "", "is_staff": false, "is_active": true, "date_joined": "2023-08-07T13:56:33.491Z", "position": 3, "groups": [], "user_permissions": []}}, {"model": "salon.worker", "pk": 7, "fields": {"password": "pbkdf2_sha256$600000$PCC7xmCZMQlSOQGL2jWj5G$IogCVNX/I3XIc9DGlkSbrxVFnLPPh5FDsly7UWCFOiA=", "last_login": null, "is_superuser": false, "username": "isabella", "first_name": "Isabella", "last_name": "Dnische", "email": "", "is_staff": false, "is_active": true, "date_joined": "2023-08-07T13:57:20.151Z", "position": 1, "groups": [], "user_permissions": []}}, {"model": "salon.worker", "pk": 8, "fields": {"password": "pbkdf2_sha256$600000$JwB5wdBBDYRgdbZNTYA2Yl$wDBX83bE37O+fvDNgciU0ISwGfta7aC4jQu1r3FrhHA=", "last_login": null, "is_superuser": false, "username": "margarita", "first_name": "Margarita", "last_name": "Borsukova", "email": "", "is_staff": false, "is_active": true, "date_joined": "2023-08-07T13:57:53.721Z", "position": 4, "groups": [], "user_permissions": []}}, {"model": "salon.worker", "pk": 9, "fields": {"password": "pbkdf2_sha256$600000$CS8SML9GE2tZ3DhbI8iH9t$ZsUa6wL0bzRJ0RXJdthxmT8WpdMaI4WnGnXdkzguENs=", "last_login": null, "is_superuser": false, "username": "likerantii", "first_name": "Likerantii", "last_name": "Mamedadze", "email": "", "is_staff": false, "is_active": true, "date_joined": "2023-08-07T13:58:29Z", "position": 2, "groups": [], "user_permissions": []}}, {"model": "salon.worker", "pk": 10, "fields": {"password": "pbkdf2_sha256$600000$ebmrsvTwtoPBOYN4o0C5qs$qAoSz15SeA0uGSev8+N6VNeOG2EwU9RI5O44m3fa23I=", "last_login": null, "is_superuser": false, "username": "glicerina", "first_name": "Glicerina", "last_name": "Shuma", "email": "", "is_staff": false, "is_active": true, "date_joined": "2023-08-07T14:00:17.145Z", "position": 5, "groups": [], "user_permissions": []}}, {"model": "salon.procedure", "pk": 1, "fields": {"procedure_type": 4, "client": 4, "date_time": "2023-08-18T14:00:00Z", "is_completed": true, "workers": [8]}}, {"model": "salon.procedure", "pk": 2, "fields": {"procedure_type": 6, "client": 7, "date_time": "2023-08-10T12:00:00Z", "is_completed": false, "workers": [8]}}, {"model": "salon.procedure", "pk": 3, "fields": {"procedure_type": 11, "client": 1, "date_time": "2023-08-11T10:00:00Z", "is_completed": false, "workers": [9]}}, {"model": "salon.procedure", "pk": 4, "fields": {"procedure_type": 9, "client": 1, "date_time": "2023-08-12T14:00:00Z", "is_completed": false, "workers": [3]}}, {"model": "salon.procedure", "pk": 6, "fields": {"procedure_type": 10, "client": 8, "date_time": "2023-08-14T09:00:00Z", "is_completed": false, "workers": [6, 7, 10]}}, {"model": "salon.procedure", "pk": 7, "fields": {"procedure_type": 2, "client": 6, "date_time": "2023-08-10T09:00:00Z", "is_completed": false, "workers": [10]}}, {"model": "salon.procedure", "pk": 9, "fields": {"procedure_type": 1, "client": 8, "date_time": "2023-12-12T14:00:00Z", "is_completed": true, "workers": [3, 4, 5]}}, {"model": "salon.procedure", "pk": 10, "fields": {"procedure_type": 6, "client": 5, "date_time": "2023-12-12T14:00:00Z", "is_completed": true, "workers": [1, 4]}}, {"model": "salon.procedure", "pk": 11, "fields": {"procedure_type": 6, "client": 7, "date_time": "2023-08-03T10:15:00Z", "is_completed": true, "workers": [4]}}]